Country,Code,Mean male height (cm),Mean female height (cm),Mean male BMI (kg/m_2),Mean female BMI (kg/m_2),Life expectancy at birth (years),Road traffic mortality rate (per 100 000 population),Mortality rate due to homicide (per 100 000 population),Total alcohol per capita (more 15 years of age) consumption (litres of pure alcohol),Density of medical doctors (per 10 000 population),Age-standardized prevalence of tobacco use among persons 15 years and older  (%),Happiness - Life evaluation (3-year average),Cost of Living Index,Price To Income Ratio
Afghanistan,AFG,165.31921319,155.31242386,22.6,24.1,59.12690224,24.10000000000000,8.32506950300000,0.00794198000000,3.17000000000000,22.70000000000000,1.364,21.1,
Albania,ALB,173.6347157,161.86684566,27,26.3,76.39089034,10.80000000000000,3.40201406500000,4.97477125000000,18.79000000000000,21.90000000000000,5.411,45.8,15.1
Algeria,DZA,170.71608252,159.25282423,24.7,26.4,75.97765182,18.30000000000000,1.64118165000000,0.45506227800000,16.60000000000000,21.20000000000000,5.571,28.0,16.5
American Samoa,ASM,176.06974562,164.58400421,,,,,,,,,,,
Andorra,AND,175.94719106,162.77095847,27.3,26.1,,2.50000000000000,,11.06119968300000,50.68000000000000,36.30000000000000,,55.1,
Angola,AGO,168.111631,157.66343062,22.3,24.3,62.13113467,15.00000000000000,8.66682434200000,3.98150658000000,2.44000000000000,,,42.3,
Antigua and Barbuda,ATG,172.6136061,160.73231845,25.7,27.7,76.91527032,7.50000000000000,5.82105275100000,9.42532032000000,29.17000000000000,,,,
Argentina,ARG,174.37505959,159.29056059,27.8,27.6,74.56898059,8.80000000000000,5.93905272600000,8.84067851400000,51.06000000000000,23.80000000000000,6.397,41.3,13.7
Armenia,ARM,172.21825334,158.2336109,25.6,27,72.98458202,13.60000000000000,4.13612749900000,4.29972430400000,33.60000000000000,24.90000000000000,5.494,40.9,19.4
Australia,AUS,179.16014967,165.62564639,27.6,26.7,83.10183853,4.50000000000000,0.90910353300000,11.15163725200000,40.86000000000000,13.10000000000000,6.974,67.9,8.2
Austria,AUT,177.5399063,164.78304505,26.5,24.6,80.99297519,4.60000000000000,0.49435409800000,11.84939309100000,55.15000000000000,24.90000000000000,6.810,71.3,9.9
Azerbaijan,AZE,170.3640493,158.46298367,26.1,27.9,72.9129401,17.20000000000000,2.45762208600000,2.32101726200000,31.85000000000000,19.60000000000000,4.875,30.7,18.3
Bahamas,BHS,172.65299793,160.75329061,27.1,28.8,70.43274063,16.20000000000000,44.59841202000000,6.90803233700000,18.95000000000000,11.30000000000000,,98.8,
Bahrain,BHR,168.12709761,156.85233469,24.8,24.8,74.38371772,8.10000000000000,0.27223713800000,1.66028868500000,7.41000000000000,15.00000000000000,6.030,47.6,5.2
Bangladesh,BGD,163.90571755,150.84833369,21.3,22,73.10251672,18.60000000000000,2.85914213300000,0.00288005900000,7.22000000000000,32.90000000000000,3.851,22.8,13.9
Barbados,BRB,175.8486389,165.10641326,26.4,29.2,76.8418344,10.00000000000000,12.69334526000000,9.49429899000000,29.58000000000000,7.00000000000000,,,
Belarus,BLR,178.27167637,166.12280266,26.4,26.6,73.12324771,7.40000000000000,2.19511163100000,11.40404110900000,47.17000000000000,30.10000000000000,,30.5,10.7
Belgium,BEL,181.19515542,165.44493008,26.6,25.6,81.5059627,4.60000000000000,1.22565426800000,8.74277214000000,65.25000000000000,26.70000000000000,6.910,68.6,6.1
Belize,BLZ,168.68517435,156.87161139,27.5,30.5,73.32055336,17.50000000000000,38.26885667000000,5.06801158300000,10.86000000000000,8.80000000000000,6.711,46.9,
Benin,BEN,168.08470814,156.93765278,22.6,24.5,64.01268515,24.80000000000000,5.77816047800000,6.98010681100000,2.16000000000000,6.30000000000000,4.357,,
Bermuda,BMU,172.59915252,160.76272363,,,,,,,,,,135.8,
Bhutan,BTN,165.0498838,153.64780543,23.5,24.5,74.87642848,12.20000000000000,3.03188341800000,4.44410833600000,5.53000000000000,18.70000000000000,,,
Bolivia,BOL,166.75416446,153.52802462,25.3,27.7,65.41062535,17.60000000000000,10.74405005000000,3.61147930200000,12.84000000000000,12.40000000000000,5.868,27.3,11.7
Bosnia and Herzegovina,BIH,180.98744778,166.27655103,26.4,25.1,74.84944487,13.70000000000000,1.40636923600000,6.32886382200000,25.84000000000000,36.20000000000000,6.136,38.7,12.9
Botswana,BWA,172.15712708,161.65976045,22.5,26.1,61.23119159,16.50000000000000,15.35268890000000,6.04348660500000,3.79000000000000,18.70000000000000,3.438,32.6,
Brazil,BRA,173.13744856,160.34012206,26.3,26.8,72.38840694,15.70000000000000,32.33923534000000,9.38200657300000,23.57000000000000,12.20000000000000,6.494,30.1,15.2
Brunei,BRN,164.82080128,153.7736505,27.2,27.2,76.92260844,3.60000000000000,0.82286879300000,0.70604690600000,18.86000000000000,16.40000000000000,,48.2,
Bulgaria,BGR,178.24935464,164.79191096,27.1,25.7,71.30586,8.40000000000000,1.07501613700000,11.54150287600000,43.28000000000000,39.50000000000000,5.554,41.6,8.4
Burkina Faso,BFA,170.04779246,160.66261874,22.2,22.1,62.29728841,27.80000000000000,9.29278770500000,7.45726758700000,1.48000000000000,14.30000000000000,4.383,,
Burundi,BDI,167.32623007,154.51178998,21.8,21.6,64.00694993,12.30000000000000,6.50813436100000,4.53604242300000,0.78000000000000,11.20000000000000,,,
Cambodia,KHM,163.21760131,152.92656914,22.1,22.3,68.92399972,18.80000000000000,1.81849364600000,5.39822041300000,2.11000000000000,17.20000000000000,4.341,34.8,36.2
Cameroon,CMR,168.8311044,159.27534837,23.6,25.1,61.76934896,10.60000000000000,6.01474347600000,7.96683940400000,1.36000000000000,6.50000000000000,4.887,40.7,45.7
Canada,CAN,177.93796737,163.7441495,27.3,26.6,81.58276248,4.70000000000000,1.64143035300000,10.02711629200000,28.19000000000000,12.00000000000000,6.803,63.0,7.5
Cape Verde,CPV,173.71575008,161.82616446,23.7,25.3,73.16097765,16.50000000000000,13.92115529000000,3.82982133300000,7.30000000000000,11.00000000000000,,46.3,
Central African Republic,CAF,167.47820888,158.34042087,22,23.7,52.30772755,25.90000000000000,18.08281148000000,2.10794410700000,0.74000000000000,,,,
Chad,TCD,171.26308003,160.75631351,21.9,21.9,59.08581443,26.40000000000000,8.45979703300000,3.01708188500000,0.85000000000000,7.40000000000000,4.384,,
Chile,CHL,171.59568257,158.98313517,27.8,28.1,79.02404788,10.30000000000000,3.77203626100000,7.92903056100000,33.34000000000000,28.70000000000000,6.361,39.0,15.3
China,CHN,171.30325166,159.38142497,24.2,23.5,77.61619672,17.40000000000000,0.67168096900000,4.51923509300000,31.12000000000000,23.40000000000000,5.921,30.5,21.5
Colombia,COL,169.35083374,156.57033749,25.8,26.6,74.53297363,16.20000000000000,35.74528070000000,4.32159360500000,25.35000000000000,8.20000000000000,6.004,31.7,16.9
Comoros,COM,166.58931373,155.69733977,23.3,25.6,67.4970386,29.00000000000000,7.59541624600000,0.41397251100000,4.24000000000000,17.20000000000000,3.754,,
Congo,COG,168.31036551,157.87326569,22.3,24.1,63.17262301,8.40000000000000,9.32867770100000,6.35144875000000,1.73000000000000,15.40000000000000,5.030,,
Cook Islands,COK,174.98783682,163.49362087,32.7,33.1,,17.60000000000000,,,16.67000000000000,27.00000000000000,,,
Costa Rica,CRI,168.96985312,156.25988566,26.8,27.9,78.63053412,15.50000000000000,13.51692764000000,3.79815650800000,26.87000000000000,8.90000000000000,7.274,52.9,10.1
Cote d'Ivoire,CIV,167.52871935,158.52438164,23.4,24.2,63.5174083,20.60000000000000,10.95079057000000,4.49242208200000,1.66000000000000,8.80000000000000,5.102,44.8,
Croatia,HRV,180.50224326,165.73102816,28,26.8,76.8616792,8.10000000000000,0.78264064900000,10.84670020000000,39.09000000000000,37.00000000000000,5.870,52.4,12.8
Cuba,CUB,171.73244319,158.39666394,25.2,26,73.67333077,5.40000000000000,5.00936390700000,5.63253519300000,95.42000000000000,17.40000000000000,,41.8,51.8
Cyprus,CYP,174.93172004,162.16106929,27.5,26,81.912741,3.90000000000000,1.43074815300000,5.20817296400000,35.56000000000000,35.60000000000000,5.942,58.8,8.1
Czechia,CZE,180.10964729,168.22383914,27.9,26.2,77.07730392,5.20000000000000,0.56210724300000,13.68337460700000,43.52000000000000,29.90000000000000,6.775,53.0,13.2
Democratic Republic of Congo,COD,167.65019769,155.80135686,21.3,22.6,61.62552641,16.30000000000000,12.42099214000000,1.97276690500000,2.08000000000000,12.20000000000000,3.469,50.2,
Denmark,DNK,181.29136588,167.35677353,26.2,24.4,81.18400442,2.30000000000000,1.21623440300000,9.97494856000000,44.98000000000000,16.20000000000000,7.521,78.9,6.1
Djibouti,DJI,167.26663763,156.40939127,23.4,24.6,64.87227149,23.30000000000000,5.79618229200000,0.35369582500000,2.11000000000000,,,,
Dominica,DMA,176.07397713,164.31647455,25,29,,11.00000000000000,,6.97866950800000,11.58000000000000,,,,
Dominican Republic,DOM,172.37464997,158.77756037,25.5,27.4,73.32102758,27.40000000000000,19.53542288000000,5.16956746500000,24.26000000000000,10.50000000000000,5.846,38.2,15.6
East Timor,TLS,160.16845159,151.26884542,21.3,21.3,67.99671222,12.00000000000000,5.10846080400000,0.21720530300000,7.52000000000000,38.70000000000000,,,
Ecuador,ECU,166.85531615,153.99026829,26.6,27.9,73.95801182,23.40000000000000,6.55101728600000,2.69132059000000,23.13000000000000,10.20000000000000,5.965,30.9,11.6
Egypt,EGY,167.71890319,157.651919,27.8,31.4,69.10821615,9.40000000000000,4.16210770900000,0.09323825900000,6.71000000000000,24.70000000000000,3.817,21.6,20.4
El Salvador,SLV,169.59359433,154.28208119,26.8,28.3,71.66703998,21.50000000000000,93.82395225000000,3.40453014200000,16.16000000000000,8.90000000000000,6.492,39.6,21.7
Equatorial Guinea,GNQ,168.15600389,157.68609476,22.3,25.9,61.60542301,11.70000000000000,2.62346122200000,6.06657858400000,1.53000000000000,,,,
Eritrea,ERI,168.88581306,156.70444103,20.2,21.1,63.57308435,17.70000000000000,10.43402278000000,1.31332661100000,0.88000000000000,,,,
Estonia,EST,181.29319948,168.37785828,26.9,25.9,77.13131363,4.40000000000000,1.84720007200000,10.48744239900000,34.69000000000000,28.30000000000000,6.417,59.7,10.5
Eswatini,SWZ,168.87339744,158.93247677,24.5,28.9,54.59266973,24.70000000000000,18.45344046000000,7.22268321800000,5.57000000000000,9.50000000000000,3.774,,
Ethiopia,ETH,167.03829678,155.91423567,20.1,21.1,67.83909086,17.70000000000000,6.72162036600000,3.14035201900000,1.43000000000000,5.20000000000000,3.898,41.8,
Fiji,FJI,174.17982693,161.97959583,26.6,28.8,65.50058445,5.30000000000000,2.06690712000000,3.47752464400000,8.13000000000000,27.60000000000000,,34.3,
Finland,FIN,179.65646658,165.98360468,26.4,25.5,81.53419484,4.20000000000000,1.05897930400000,9.50901760900000,36.09000000000000,22.30000000000000,7.736,69.0,7.2
France,FRA,179.43167195,164.78978432,25.9,24.2,81.92274175,4.70000000000000,1.00001835600000,11.20156537600000,32.81000000000000,34.60000000000000,6.593,67.7,8.6
French Polynesia,PYF,177.22134326,164.61513237,,,,,,,,,,,
Gabon,GAB,168.81200517,159.10144136,24,26.5,65.09380891,12.50000000000000,7.97124367400000,7.87151729700000,5.21000000000000,,5.120,,
Gambia,GMB,166.2557958,161.22983673,23.4,24.5,64.21396887,22.00000000000000,7.94654254900000,0.62163741600000,0.90000000000000,10.50000000000000,4.423,,
Georgia,GEO,174.66275733,163.1464386,27.5,27.6,71.24038597,12.70000000000000,1.87121776400000,15.53882141300000,56.42000000000000,31.80000000000000,5.400,33.1,13.0
Germany,DEU,179.7778886,165.97261905,27.3,25.8,80.49140555,3.30000000000000,0.94136922000000,11.23851616500000,45.34000000000000,21.30000000000000,6.753,68.7,7.9
Ghana,GHA,169.46639726,158.23923119,22.5,25.2,66.10178519,25.90000000000000,5.90146941300000,4.44366494600000,2.66000000000000,3.40000000000000,4.340,33.9,54.6
Greece,GRC,177.38254232,164.62009789,27.5,26.7,79.59785025,7.30000000000000,1.08264718400000,6.97513962000000,65.76000000000000,32.80000000000000,5.776,54.0,12.5
Greenland,GRL,174.49323338,161.34064245,,,,,,,,,,,
Grenada,GRD,176.74603058,164.5587535,25.2,28.8,72.77322454,6.40000000000000,4.95286583100000,7.76867369800000,13.83000000000000,,,76.4,
Guatemala,GTM,163.48536157,149.28400669,25.7,27.3,68.69573697,12.60000000000000,26.17895274000000,1.69784376100000,12.81000000000000,11.90000000000000,6.362,40.4,14.3
Guinea,GIN,168.48670468,158.23895981,22.4,23.4,61.26251027,37.40000000000000,8.48362856200000,0.53620188300000,2.10000000000000,,4.929,,
Guinea-Bissau,GNB,168.74635887,158.48343143,22.8,24,58.62801846,30.50000000000000,8.56567965400000,3.21931962400000,2.52000000000000,8.20000000000000,,,
Guyana,GUY,170.13570168,158.03119864,25.1,27.7,66.0777533,15.20000000000000,13.88643277000000,5.28047116800000,13.87000000000000,11.10000000000000,,50.4,
Haiti,HTI,172.54360248,158.90245759,26.5,24.2,62.4563858,31.30000000000000,20.94071266000000,3.31518349100000,2.92000000000000,8.10000000000000,,,
Honduras,HND,166.57423287,153.69199556,25.9,27.6,68.96309289,18.50000000000000,75.20676994000000,3.14246331500000,4.89000000000000,12.30000000000000,5.964,36.6,
Hong Kong,HKG,173.00557414,158.67753746,,,,,,,,,5.491,75.2,30.9
Hungary,HUN,177.26921265,163.65278917,28.2,26.4,74.39546955,7.40000000000000,1.38847929100000,11.25179178500000,34.56000000000000,32.20000000000000,5.915,46.9,12.8
Iceland,ISL,180.71413032,166.31582233,27,25.5,82.57766731,2.40000000000000,1.06599077700000,8.21230122500000,43.73000000000000,9.40000000000000,7.515,97.2,7.7
India,IND,165.02371385,152.5033064,21.7,21.9,67.30780612,14.60000000000000,3.64849078700000,4.54485445000000,7.23000000000000,24.30000000000000,4.389,18.9,11.0
Indonesia,IDN,163.47665883,152.45836888,22.5,23.8,68.26167935,11.30000000000000,4.14344256100000,0.08454471200000,5.24000000000000,38.20000000000000,5.617,26.1,25.0
Iran,IRN,173.47791185,159.43515151,25.2,27,74.71077692,20.60000000000000,2.89528447900000,0.07408637600000,18.11000000000000,13.30000000000000,5.093,22.8,17.2
Iraq,IRQ,170.7703653,158.71626636,27.8,29.7,71.46632369,21.50000000000000,12.58898300000000,0.64398663900000,10.22000000000000,19.20000000000000,4.976,28.4,10.1
Ireland,IRL,178.74078362,164.84700823,27.9,27,81.60162902,2.80000000000000,0.75212624600000,10.54529669600000,38.75000000000000,19.30000000000000,6.889,70.6,6.9
Israel,ISR,176.76622325,161.83442438,27.6,26.9,81.74464677,4.20000000000000,1.02619866600000,3.12447887800000,37.97000000000000,20.40000000000000,7.234,79.7,12.2
Italy,ITA,177.5654295,164.21453345,26.5,24.7,82.19747411,5.00000000000000,0.64158916600000,8.32921432400000,41.91000000000000,22.40000000000000,6.415,61.4,8.3
Jamaica,JAM,174.55513372,163.22512769,25.8,29.6,70.1439437,17.80000000000000,51.86607925000000,3.92555004800000,4.60000000000000,9.70000000000000,5.870,54.5,
Japan,JPN,171.04545488,158.37837963,23.6,21.8,84.46067178,2.70000000000000,0.18136622800000,6.31008584400000,26.49000000000000,19.20000000000000,6.147,47.5,11.4
Jordan,JOR,171.44674971,158.87493924,28.3,29.8,75.64973596,13.60000000000000,2.33082508900000,0.25038745300000,28.51000000000000,35.60000000000000,4.310,39.4,7.5
Kazakhstan,KAZ,171.40653936,159.78648673,26.3,26.4,70.27511981,12.20000000000000,4.43408582900000,5.36709452800000,37.54000000000000,22.20000000000000,6.378,29.8,8.9
Kenya,KEN,170.40090327,158.55219623,22.1,24.5,66.76221995,28.20000000000000,5.82130505800000,2.47979802500000,2.89000000000000,10.70000000000000,4.510,28.9,17.0
Kiribati,KIR,169.4605506,157.45851788,29,31.1,60.87345633,6.20000000000000,4.45331360800000,1.03085441400000,,39.70000000000000,,,
Kuwait,KWT,172.28925031,159.499331,29,30.4,78.95211671,9.20000000000000,1.70707906000000,0.07265583700000,22.73000000000000,19.90000000000000,6.629,42.5,6.5
Kyrgyzstan,KGZ,171.3219652,159.43995073,25.9,27.2,72.18500345,13.30000000000000,4.73861211700000,3.91974029900000,15.67800000000000,27.30000000000000,5.858,27.3,15.1
Laos,LAO,160.51780512,151.35263915,22.7,23.1,68.23189407,16.40000000000000,6.35212224400000,11.16794912100000,3.31000000000000,27.20000000000000,5.301,,
Latvia,LVA,181.09479191,169.40329892,27,26.2,73.20251724,9.80000000000000,4.50968641700000,14.72569079800000,33.98000000000000,33.90000000000000,6.207,52.3,8.9
Lebanon,LBN,174.64212635,162.13953171,27.9,27.4,74.34207035,9.70000000000000,5.31175472400000,1.58714855400000,26.80000000000000,34.30000000000000,3.188,41.7,17.8
Lesotho,LSO,166.38868457,156.23625871,22.7,27,51.47907482,21.60000000000000,38.94624372000000,3.84786850000000,2.35000000000000,24.30000000000000,3.757,,
Liberia,LBR,164.41014121,156.07206374,23.1,25.1,63.45730846,15.30000000000000,9.36278568200000,2.83007182900000,1.78000000000000,8.20000000000000,4.277,,
Libya,LBY,173.79116519,161.89372015,26.9,29.2,72.17844009,34.00000000000000,2.10038416100000,0.02171313900000,20.42000000000000,,5.820,18.3,
Lithuania,LTU,178.93172985,166.43520763,27,25.8,74.13314711,6.30000000000000,4.17273202300000,12.18491496300000,61.04000000000000,31.40000000000000,6.829,51.2,11.2
Luxembourg,LUX,177.93376962,164.64145395,27,25.6,82.78028566,3.90000000000000,0.47490304300000,10.79862457700000,29.84000000000000,23.00000000000000,7.122,78.0,9.4
Madagascar,MDG,162.50868241,151.75285203,21.5,21.1,62.9342555,22.50000000000000,6.11357640800000,0.86133442800000,1.72000000000000,26.80000000000000,4.157,22.5,
Malawi,MWI,163.09981448,154.77490201,22.6,23.2,62.48652597,20.20000000000000,1.90304519700000,1.69882137400000,0.54000000000000,9.70000000000000,3.260,,
Malaysia,MYS,167.74680835,156.06386477,25.3,26.1,72.8101035,13.90000000000000,2.61977661200000,0.81302767000000,23.41000000000000,22.00000000000000,5.955,34.0,8.8
Maldives,MDV,167.03778178,154.44195229,24.6,26.3,75.39664085,1.30000000000000,2.13802238400000,1.61669644100000,22.35000000000000,26.30000000000000,,48.9,
Mali,MLI,171.85796191,160.78945701,22.9,23.1,61.67398609,20.20000000000000,10.03785674000000,3.55664448700000,1.88000000000000,8.00000000000000,4.345,,
Malta,MLT,173.10626754,160.6072364,27.7,26.3,81.81193837,1.90000000000000,0.86198370300000,6.19950005500000,45.13400000000000,24.70000000000000,6.316,56.8,10.6
Marshall Islands,MHL,163.46122281,151.87898172,28.8,30.4,,11.90000000000000,,,,29.80000000000000,,,
Mauritania,MRT,164.6670356,158.27609194,23.2,26.6,68.86843813,9.50000000000000,10.63822897000000,0.00823131300000,2.61000000000000,9.50000000000000,4.542,,
Mauritius,MUS,170.68336382,156.9768169,24.6,25.9,73.41967032,9.70000000000000,2.20440868500000,7.65311714400000,14.36000000000000,20.90000000000000,5.832,38.3,20.5
Mexico,MEX,168.65970802,156.33190536,27.5,28.4,70.83258685,12.00000000000000,28.22944475000000,6.01050571000000,25.88000000000000,14.90000000000000,6.979,42.6,13.3
Micronesia (country),FSM,168.80057981,156.55409447,28.1,31.4,65.70956674,14.10000000000000,4.79597955000000,1.95676898600000,9.74000000000000,,,,
Moldova,MDA,175.24607735,163.11142561,26.6,27.3,69.55780877,9.10000000000000,4.56251996500000,14.12827443900000,40.16000000000000,29.70000000000000,5.819,35.8,14.1
Mongolia,MNG,169.12313381,158.28944052,25.9,26.6,70.09795294,12.40000000000000,5.31724625500000,7.73552543200000,41.30000000000000,29.50000000000000,5.833,31.4,11.4
Montenegro,MNE,178.29106228,164.85151895,27,26.1,74.70975149,9.10000000000000,2.60002060500000,8.01433256200000,27.83000000000000,32.00000000000000,5.877,42.7,13.0
Morocco,MAR,170.73831417,157.99242414,25.4,26.5,72.61868352,18.60000000000000,1.53062915600000,0.57477859100000,7.40000000000000,13.00000000000000,4.622,31.4,13.4
Mozambique,MOZ,165.43833955,154.3711315,22,23.4,57.66202708,20.10000000000000,3.26452664100000,1.91112205900000,1.75000000000000,,5.190,36.9,
Myanmar,MMR,164.6115948,154.30365736,22.2,23,67.84580637,19.30000000000000,3.93544833900000,1.87491409900000,7.57000000000000,44.40000000000000,4.321,38.0,
Namibia,NAM,167.9163381,159.28007689,22.9,25.3,60.35994599,22.00000000000000,17.93660947000000,11.99319541600000,5.53000000000000,14.10000000000000,4.911,36.3,
Nauru,NRU,168.11651337,154.65782273,32.2,32.7,,8.00000000000000,,2.97466666700000,12.73000000000000,48.30000000000000,,,
Nepal,NPL,162.41962741,150.93960148,22.5,22.5,70.04936795,28.20000000000000,2.31860788000000,3.73327896500000,10.11000000000000,28.30000000000000,5.311,22.6,42.4
Netherlands,NLD,182.54525573,168.7822085,26,25.1,81.12478594,3.40000000000000,0.57618561900000,8.70464231800000,38.76000000000000,21.30000000000000,7.306,73.4,7.5
New Zealand,NZL,177.81803346,164.89431366,28.1,28,82.20149177,6.60000000000000,1.21333883600000,9.21179494400000,36.11000000000000,12.20000000000000,6.952,60.3,8.0
Nicaragua,NIC,166.7785389,154.38235019,26.5,27.9,75.02796138,13.60000000000000,9.22522215700000,3.93242894300000,6.82000000000000,,6.330,34.2,
Niger,NER,168.73403925,158.84392044,21.4,22.3,59.97070525,24.90000000000000,9.38430135800000,0.15465787700000,0.38000000000000,7.70000000000000,4.725,,
Nigeria,NGA,166.6937646,156.90807863,22.5,23.9,63.3974984,17.20000000000000,8.76707894300000,2.31236996600000,3.80000000000000,3.30000000000000,4.885,27.7,93.7
Niue,NIU,175.80299842,164.64386886,31.4,33.3,,0.00000000000000,,3.28149800300000,,,,,
North Korea,PRK,171.52265119,158.67210072,24.2,24,72.6431485,,4.09121153100000,4.75485580600000,36.28000000000000,16.50000000000000,,,
North Macedonia,MKD,178.33895796,160.02655416,27.3,26.2,72.99535604,5.70000000000000,1.05984020700000,5.76411544500000,29.44000000000000,,5.503,35.5,11.8
Norway,NOR,179.83230188,165.80615876,27.3,26.1,82.88199872,1.50000000000000,0.56433854400000,7.48005689100000,49.75000000000000,14.20000000000000,7.262,83.7,8.0
Oman,OMN,169.29673427,157.26152895,26.4,26.3,72.47676726,11.00000000000000,0.75772446800000,0.72947099100000,19.92000000000000,8.40000000000000,6.197,43.6,3.8
Pakistan,PAK,167.10896687,154.14862211,23.3,24.6,65.99092295,11.90000000000000,6.58355805400000,0.09393517400000,11.60000000000000,18.90000000000000,4.768,19.6,18.7
Palau,PLW,167.93668125,156.64574984,29.5,29.6,,22.20000000000000,,,18.08000000000000,17.30000000000000,,,
Palestine,PSE,172.41495657,158.91935379,,,73.49178033,4.70000000000000,6.81085741100000,,,,4.780,48.1,6.5
Panama,PAN,168.51950252,155.51173386,26.2,27.7,77.23869904,7.30000000000000,20.30514384000000,6.26601381000000,16.25000000000000,5.20000000000000,6.407,45.5,14.3
Papua New Guinea,PNG,163.87877772,155.26710814,25.3,26,65.48786529,14.90000000000000,10.40988113000000,1.27406123500000,0.61000000000000,39.60000000000000,,47.5,
Paraguay,PRY,172.63931176,159.63612127,26.5,26.9,70.27080999,21.00000000000000,7.57676130900000,6.65918883200000,38.93000000000000,10.70000000000000,6.172,28.5,14.1
Peru,PER,165.21925013,152.75333569,26.2,27.1,71.66727055,12.70000000000000,6.21105717100000,6.78628189300000,16.88000000000000,7.10000000000000,5.947,33.5,15.0
Philippines,PHL,163.1234844,149.4898645,22.8,23.5,66.40834182,9.70000000000000,12.66447172000000,5.68987285000000,7.92000000000000,20.40000000000000,6.107,30.1,32.1
Poland,POL,177.26640689,164.5140873,27.4,25.9,75.4021086,6.50000000000000,0.68134402700000,11.91751564100000,40.31000000000000,23.60000000000000,6.673,47.3,10.2
Portugal,PRT,172.86864379,162.83281843,26.1,25.1,81.17961003,7.20000000000000,0.83149929100000,11.21551446100000,58.51000000000000,25.60000000000000,6.013,48.8,13.9
Puerto Rico,PRI,172.02316122,159.27848369,,,79.90294803,12.50000000000000,23.27609601000000,,,,,62.6,6.7
Qatar,QAT,170.78017434,159.48957074,28.8,30.1,76.7101384,7.30000000000000,0.47593173300000,1.28934732800000,30.22000000000000,12.50000000000000,,50.4,5.7
Romania,ROU,174.94175907,162.77171576,27,26.8,72.76430945,9.60000000000000,1.13520483500000,17.06236751200000,36.25000000000000,30.00000000000000,6.563,40.6,10.5
Russia,RUS,176.43148902,164.99971274,25.8,26.4,70.017337,10.60000000000000,6.73737547100000,10.50802785500000,51.11000000000000,29.20000000000000,5.945,36.5,13.7
Rwanda,RWA,163.82136333,155.31895944,21.3,22.8,67.54213882,11.60000000000000,4.08941628900000,6.47365146300000,0.90000000000000,14.30000000000000,,25.0,
Saint Kitts and Nevis,KNA,169.72753361,159.64828329,28.2,30.7,,23.10000000000000,,7.01387243800000,30.85000000000000,,,,
Saint Lucia,LCA,172.01914429,162.58223028,29.6,30.4,71.1130421,8.90000000000000,20.07194716000000,11.38714842600000,42.34000000000000,13.80000000000000,,,
Saint Vincent and the Grenadines,VCT,172.67968023,160.76943136,26.3,28.2,72.55709418,4.80000000000000,34.61303564000000,6.80875477400000,,,,,
Samoa,WSM,174.30106894,162.08505614,30.4,34.1,70.27372108,9.60000000000000,2.36452049000000,2.86422845900000,5.61000000000000,22.50000000000000,,,
Sao Tome and Principe,STP,168.39589075,159.17742708,23.9,25.6,71.17810896,11.70000000000000,5.82079279200000,5.67142088900000,4.64000000000000,7.80000000000000,,,
Saudi Arabia,SAU,168.08180913,156.06273071,28,29.2,76.42921259,18.50000000000000,2.35112192000000,,34.06000000000000,14.90000000000000,6.600,43.9,4.3
Senegal,SEN,173.9261574,162.709777,21.8,24,67.79198263,20.80000000000000,7.91395094000000,0.39874429700000,1.09000000000000,6.50000000000000,4.856,48.5,
Serbia,SRB,180.66097248,167.49755419,26.6,25.5,72.80891574,7.40000000000000,1.84482494000000,9.03142974400000,30.99000000000000,39.50000000000000,6.606,42.6,14.8
Seychelles,SYC,174.52329435,162.03043643,25.5,27.9,74.01196664,6.60000000000000,14.56435050000000,11.40791289600000,65.98000000000000,20.20000000000000,,64.5,
Sierra Leone,SLE,165.31943139,156.93164403,21.9,23.5,61.0228635,13.80000000000000,7.46773853000000,0.33392658200000,1.34000000000000,12.90000000000000,2.998,,
Singapore,SGP,172.55624719,160.16750142,24.3,23,83.85708962,1.90000000000000,0.18114423700000,1.95789877700000,28.34000000000000,16.40000000000000,6.565,87.7,22.1
Slovakia,SVK,179.51174886,167.27341518,27.3,25.5,74.50941328,6.40000000000000,0.99846882100000,10.97175359400000,36.97000000000000,32.40000000000000,6.221,49.6,12.6
Slovenia,SVN,179.6934955,165.93851576,26.6,26.5,80.41495666,5.80000000000000,0.84357191500000,10.90486266900000,33.67000000000000,20.10000000000000,6.792,54.1,12.5
Solomon Islands,SLB,164.97370281,154.90340464,25.7,26.9,64.79245685,11.20000000000000,3.76942362400000,0.83352038800000,2.38000000000000,36.90000000000000,,102.3,
Somalia,SOM,167.28705572,156.35007654,22.5,23.9,53.95143945,20.20000000000000,5.00103112200000,0.00000000000000,,,4.347,,
South Africa,ZAF,167.48872692,158.37796824,25,29.3,61.49918805,24.50000000000000,33.80524961000000,7.79186961900000,7.94000000000000,20.70000000000000,5.213,37.1,3.3
South Korea,KOR,174.70372681,161.96622699,24.4,23.1,83.79982334,6.90000000000000,0.73985544600000,8.36457571300000,26.10000000000000,20.00000000000000,6.038,61.6,24.1
Spain,ESP,176.38297373,163.21915512,27,24.8,82.66267258,3.50000000000000,0.51682889400000,10.97306260600000,42.94000000000000,28.40000000000000,6.466,51.6,8.5
Sri Lanka,LKA,165.48971454,154.27841755,22.5,23.7,77.22895472,11.50000000000000,1.84573867600000,2.70434848500000,11.36000000000000,19.50000000000000,3.891,33.9,56.1
Sudan,SDN,167.31434562,156.32984174,,,67.58515204,19.60000000000000,5.30931132800000,0.01308340700000,2.50000000000000,,,,
Suriname,SUR,172.6269043,160.73061269,25.4,27.7,69.78412349,16.20000000000000,4.91798844000000,5.91613539100000,13.55000000000000,,,42.3,
Sweden,SWE,179.82361502,165.90779348,26.7,25.4,82.6649092,2.10000000000000,1.05920355900000,9.61281486000000,44.08000000000000,22.70000000000000,7.345,68.0,7.6
Switzerland,CHE,178.1926997,163.65373951,26.7,23.7,83.32795777,2.40000000000000,0.44345591200000,9.15936712600000,44.77000000000000,25.50000000000000,6.935,110.7,11.4
Syria,SYR,170.77191744,158.69312262,27.4,29.2,72.43803165,29.90000000000000,2.43040542700000,0.09648000400000,15.21000000000000,,,25.0,
Taiwan,TWN,173.82842313,160.9126127,,,,,,,,,6.669,49.7,25.3
Tajikistan,TJK,171.52205198,157.73960403,25.8,26.3,71.814877,13.90000000000000,1.69679914600000,0.72705023700000,18.70000000000000,,5.411,27.9,11.4
Tanzania,TZA,165.59468599,156.06472869,22.3,24.1,66.8101483,15.80000000000000,8.26827664900000,5.55584124800000,1.34000000000000,9.30000000000000,3.800,26.6,
Thailand,THA,168.52444246,157.17614312,23.9,25,75.29014364,25.40000000000000,4.43548452300000,7.62560555000000,5.41000000000000,19.20000000000000,6.222,38.0,24.0
Togo,TGO,169.04724933,158.60775352,22.5,24.5,63.86461122,22.70000000000000,8.50523103000000,1.20479188300000,0.80000000000000,6.40000000000000,4.315,,
Tokelau,TKL,175.22256079,162.67778733,,,,,,,,,,,
Tonga,TON,177.0499152,165.82708565,30.5,33.7,72.72088222,8.50000000000000,3.30296012300000,0.31073064800000,10.14000000000000,31.30000000000000,,,
Trinidad and Tobago,TTO,173.71186298,160.81367933,26.6,28.6,71.70712647,5.00000000000000,37.66091721000000,4.76851423700000,41.57000000000000,,5.905,52.0,
Tunisia,TUN,173.90016777,160.18210862,25.5,27.1,74.06842662,16.30000000000000,3.62749881700000,1.80690542400000,13.15000000000000,20.50000000000000,4.552,29.1,12.8
Turkey,TUR,174.11051625,160.14815227,27.1,28.6,75.27238945,6.50000000000000,4.82838062100000,2.19667765600000,22.36000000000000,30.50000000000000,5.262,39.2,7.3
Turkmenistan,TKM,172.21651822,162.00675358,26.5,26.6,69.12049331,8.00000000000000,3.43159077200000,3.02417060200000,19.30000000000000,5.60000000000000,,,
Tuvalu,TUV,169.84669173,158.45146486,30,31.6,,17.90000000000000,,0.31926204800000,13.46000000000000,33.70000000000000,,,
Uganda,UGA,166.54856683,157.14196143,21.6,23.3,65.98577935,16.00000000000000,15.50060534000000,6.33181625700000,1.91000000000000,7.50000000000000,4.461,27.0,
Ukraine,UKR,178.28725289,166.11207053,26.9,26.2,70.90674708,10.50000000000000,5.60520838800000,7.42770312200000,35.31100000000000,24.90000000000000,4.680,28.2,12.8
United Arab Emirates,ARE,170.78808463,158.72307739,28,29.4,78.30645695,5.90000000000000,0.67269170900000,0.81515361700000,29.92000000000000,9.00000000000000,6.759,55.2,7.4
United Kingdom,GBR,177.56555485,164.22401556,27.3,27,80.10062783,2.40000000000000,1.27383146300000,10.85546213800000,33.01000000000000,14.20000000000000,6.728,67.8,8.0
United States,USA,177.26046129,163.62081696,28.8,28.9,76.37368104,14.20000000000000,5.76984477200000,9.81064510300000,36.81000000000000,24.30000000000000,6.724,68.8,3.5
Uruguay,URY,173.40650985,161.88296019,27.3,27.3,74.98295244,13.00000000000000,9.19872175800000,6.16309434600000,46.74000000000000,20.50000000000000,6.661,55.6,13.3
Uzbekistan,UZB,169.78353723,158.20871204,26.3,27.4,72.18877681,9.30000000000000,1.28210556400000,2.06295963900000,23.10000000000000,16.70000000000000,6.193,27.3,13.3
Vanuatu,VUT,168.34145649,158.51110023,25.6,26.8,66.3483713,12.50000000000000,2.24719778500000,1.89377314100000,1.64000000000000,,,,
Venezuela,VEN,171.42835837,157.30289573,26.6,26.8,71.22082891,13.20000000000000,63.14800530000000,2.33949013600000,16.64000000000000,,5.683,37.7,15.1
Vietnam,VNM,164.11086765,153.45631075,21.9,21.9,73.7965773,17.70000000000000,1.90527963100000,10.71540792200000,11.07000000000000,22.50000000000000,6.352,26.4,30.2
Yemen,YEM,160.98027194,154.26297415,23.6,24.1,65.76206783,29.80000000000000,9.40274661000000,0.00014814000000,0.98000000000000,21.40000000000000,3.561,53.1,
Zambia,ZMB,167.355867,156.34883227,21.3,23.7,60.96884286,17.10000000000000,5.94417585300000,3.61253756600000,3.24000000000000,14.60000000000000,3.912,29.9,
Zimbabwe,ZWE,169.42746002,158.62912799,22.2,25.3,58.48102238,29.90000000000000,11.92408835000000,5.43114016600000,1.36000000000000,11.30000000000000,3.396,35.9,9.5
